Name,Team,Position,Age,Weight,College,Salary
Avery Bradley,Boston Celtics,PG,(25+0j),180,Texas,7730337.0
Jae Crowder,Boston Celtics,SF,(25+0j),235,Marquette,6796117.0
John Holland,Boston Celtics,SG,(27+0j),205,Boston University,
R.J. Hunter,Boston Celtics,SG,(22+0j),185,Georgia State,1148640.0
Jonas Jerebko,Boston Celtics,PF,(29+0j),231,,5000000.0
Amir Johnson,Boston Celtics,PF,(29+0j),240,,12000000.0
Jordan Mickey,Boston Celtics,PF,(21+0j),235,LSU,1170960.0
Kelly Olynyk,Boston Celtics,C,(25+0j),238,Gonzaga,2165160.0
Terry Rozier,Boston Celtics,PG,(22+0j),190,Louisville,1824360.0
Marcus Smart,Boston Celtics,PG,(22+0j),220,Oklahoma State,3431040.0
Jared Sullinger,Boston Celtics,C,(24+0j),260,Ohio State,2569260.0
Isaiah Thomas,Boston Celtics,PG,(27+0j),185,Washington,6912869.0
Evan Turner,Boston Celtics,SG,(27+0j),220,Ohio State,3425510.0
James Young,Boston Celtics,SG,(20+0j),215,Kentucky,1749840.0
Tyler Zeller,Boston Celtics,C,(26+0j),253,North Carolina,2616975.0
Bojan Bogdanovic,Brooklyn Nets,SG,(27+0j),216,,3425510.0
Markel Brown,Brooklyn Nets,SG,(24+0j),190,Oklahoma State,845059.0
Wayne Ellington,Brooklyn Nets,SG,(28+0j),200,North Carolina,1500000.0
Rondae Hollis-Jefferson,Brooklyn Nets,SG,(21+0j),220,Arizona,1335480.0
Jarrett Jack,Brooklyn Nets,PG,(32+0j),200,Georgia Tech,6300000.0
Sergey Karasev,Brooklyn Nets,SG,(22+0j),208,,1599840.0
Sean Kilpatrick,Brooklyn Nets,SG,(26+0j),219,Cincinnati,134215.0
Shane Larkin,Brooklyn Nets,PG,(23+0j),175,Miami (FL),1500000.0
Brook Lopez,Brooklyn Nets,C,(28+0j),275,Stanford,19689000.0
Chris McCullough,Brooklyn Nets,PF,(21+0j),200,Syracuse,1140240.0
Willie Reed,Brooklyn Nets,PF,(26+0j),220,Saint Louis,947276.0
Thomas Robinson,Brooklyn Nets,PF,(25+0j),237,Kansas,981348.0
Henry Sims,Brooklyn Nets,C,(26+0j),248,Georgetown,947276.0
Donald Sloan,Brooklyn Nets,PG,(28+0j),205,Texas A&M,947276.0
Thaddeus Young,Brooklyn Nets,PF,(27+0j),221,Georgia Tech,11235955.0
Arron Afflalo,New York Knicks,SG,(30+0j),210,UCLA,8000000.0
Lou Amundson,New York Knicks,PF,(33+0j),220,UNLV,1635476.0
Thanasis Antetokounmpo,New York Knicks,SF,(23+0j),205,,30888.0
Carmelo Anthony,New York Knicks,SF,(32+0j),240,Syracuse,22875000.0
Jose Calderon,New York Knicks,PG,(34+0j),200,,7402812.0
Cleanthony Early,New York Knicks,SF,(25+0j),210,Wichita State,845059.0
Langston Galloway,New York Knicks,SG,(24+0j),200,Saint Joseph's,845059.0
Jerian Grant,New York Knicks,PG,(23+0j),195,Notre Dame,1572360.0
Robin Lopez,New York Knicks,C,(28+0j),255,Stanford,12650000.0
Kyle O'Quinn,New York Knicks,PF,(26+0j),250,Norfolk State,3750000.0
Kristaps Porzingis,New York Knicks,PF,(20+0j),240,,4131720.0
Kevin Seraphin,New York Knicks,C,(26+0j),278,,2814000.0
Lance Thomas,New York Knicks,SF,(28+0j),235,Duke,1636842.0
Sasha Vujacic,New York Knicks,SG,(32+0j),195,,947276.0
Derrick Williams,New York Knicks,PF,(25+0j),240,Arizona,4000000.0
Tony Wroten,New York Knicks,SG,(23+0j),205,Washington,167406.0
Elton Brand,Philadelphia 76ers,PF,(37+0j),254,Duke,
Isaiah Canaan,Philadelphia 76ers,PG,(25+0j),201,Murray State,947276.0
Robert Covington,Philadelphia 76ers,SF,(25+0j),215,Tennessee State,1000000.0
Joel Embiid,Philadelphia 76ers,C,(22+0j),250,Kansas,4626960.0
Jerami Grant,Philadelphia 76ers,SF,(22+0j),210,Syracuse,845059.0
Richaun Holmes,Philadelphia 76ers,PF,(22+0j),245,Bowling Green,1074169.0
Carl Landry,Philadelphia 76ers,PF,(32+0j),248,Purdue,6500000.0
Kendall Marshall,Philadelphia 76ers,PG,(24+0j),200,North Carolina,2144772.0
T.J. McConnell,Philadelphia 76ers,PG,(24+0j),200,Arizona,525093.0
Nerlens Noel,Philadelphia 76ers,PF,(22+0j),228,Kentucky,3457800.0
Jahlil Okafor,Philadelphia 76ers,C,(20+0j),275,Duke,4582680.0
Ish Smith,Philadelphia 76ers,PG,(27+0j),175,Wake Forest,947276.0
Nik Stauskas,Philadelphia 76ers,SG,(22+0j),205,Michigan,2869440.0
Hollis Thompson,Philadelphia 76ers,SG,(25+0j),206,Georgetown,947276.0
Christian Wood,Philadelphia 76ers,PF,(20+0j),220,UNLV,525093.0
Bismack Biyombo,Toronto Raptors,C,(23+0j),245,,2814000.0
Bruno Caboclo,Toronto Raptors,SF,(20+0j),205,,1524000.0
DeMarre Carroll,Toronto Raptors,SF,(29+0j),212,Missouri,13600000.0
DeMar DeRozan,Toronto Raptors,SG,(26+0j),220,USC,10050000.0
James Johnson,Toronto Raptors,PF,(29+0j),250,Wake Forest,2500000.0
Cory Joseph,Toronto Raptors,PG,(24+0j),190,Texas,7000000.0
Kyle Lowry,Toronto Raptors,PG,(30+0j),205,Villanova,12000000.0
Lucas Nogueira,Toronto Raptors,C,(23+0j),220,,1842000.0
Patrick Patterson,Toronto Raptors,PF,(27+0j),235,Kentucky,6268675.0
Norman Powell,Toronto Raptors,SG,(23+0j),215,UCLA,650000.0
Terrence Ross,Toronto Raptors,SF,(25+0j),195,Washington,3553917.0
Luis Scola,Toronto Raptors,PF,(36+0j),240,,2900000.0
Jason Thompson,Toronto Raptors,PF,(29+0j),250,Rider,245177.0
Jonas Valanciunas,Toronto Raptors,C,(24+0j),255,,4660482.0
Delon Wright,Toronto Raptors,PG,(24+0j),190,Utah,1509360.0
Leandro Barbosa,Golden State Warriors,SG,(33+0j),194,,2500000.0
Harrison Barnes,Golden State Warriors,SF,(24+0j),225,North Carolina,3873398.0
Andrew Bogut,Golden State Warriors,C,(31+0j),260,Utah,13800000.0
Ian Clark,Golden State Warriors,SG,(25+0j),175,Belmont,947276.0
Stephen Curry,Golden State Warriors,PG,(28+0j),190,Davidson,11370786.0
Festus Ezeli,Golden State Warriors,C,(26+0j),265,Vanderbilt,2008748.0
Draymond Green,Golden State Warriors,PF,(26+0j),230,Michigan State,14260870.0
Andre Iguodala,Golden State Warriors,SF,(32+0j),215,Arizona,11710456.0
Shaun Livingston,Golden State Warriors,PG,(30+0j),192,,5543725.0
Kevon Looney,Golden State Warriors,SF,(20+0j),220,UCLA,1131960.0
James Michael McAdoo,Golden State Warriors,SF,(23+0j),240,North Carolina,845059.0
Brandon Rush,Golden State Warriors,SF,(30+0j),220,Kansas,1270964.0
Marreese Speights,Golden State Warriors,C,(28+0j),255,Florida,3815000.0
Klay Thompson,Golden State Warriors,SG,(26+0j),215,Washington State,15501000.0
Anderson Varejao,Golden State Warriors,PF,(33+0j),273,,289755.0
Cole Aldrich,Los Angeles Clippers,C,(27+0j),250,Kansas,1100602.0
Jeff Ayres,Los Angeles Clippers,PF,(29+0j),250,Arizona State,111444.0
Jamal Crawford,Los Angeles Clippers,SG,(36+0j),195,Michigan,5675000.0
Branden Dawson,Los Angeles Clippers,SF,(23+0j),225,Michigan State,525093.0
Jeff Green,Los Angeles Clippers,SF,(29+0j),235,Georgetown,9650000.0
Blake Griffin,Los Angeles Clippers,PF,(27+0j),251,Oklahoma,18907726.0
Wesley Johnson,Los Angeles Clippers,SF,(28+0j),215,Syracuse,1100602.0
DeAndre Jordan,Los Angeles Clippers,C,(27+0j),265,Texas A&M,19689000.0
Luc Richard Mbah a Moute,Los Angeles Clippers,PF,(29+0j),230,UCLA,947276.0
Chris Paul,Los Angeles Clippers,PG,(31+0j),175,Wake Forest,21468695.0
Paul Pierce,Los Angeles Clippers,SF,(38+0j),235,Kansas,3376000.0
Pablo Prigioni,Los Angeles Clippers,PG,(39+0j),185,,947726.0
JJ Redick,Los Angeles Clippers,SG,(31+0j),190,Duke,7085000.0
Austin Rivers,Los Angeles Clippers,PG,(23+0j),200,Duke,3110796.0
C.J. Wilcox,Los Angeles Clippers,SG,(25+0j),195,Washington,1159680.0
Brandon Bass,Los Angeles Lakers,PF,(31+0j),250,LSU,3000000.0
Tarik Black,Los Angeles Lakers,C,(24+0j),250,Kansas,845059.0
Anthony Brown,Los Angeles Lakers,SF,(23+0j),210,Stanford,700000.0
Kobe Bryant,Los Angeles Lakers,SF,(37+0j),212,,25000000.0
Jordan Clarkson,Los Angeles Lakers,PG,(24+0j),194,Missouri,845059.0
Roy Hibbert,Los Angeles Lakers,C,(29+0j),270,Georgetown,15592217.0
Marcelo Huertas,Los Angeles Lakers,PG,(33+0j),200,,525093.0
Ryan Kelly,Los Angeles Lakers,PF,(25+0j),230,Duke,1724250.0
Larry Nance Jr.,Los Angeles Lakers,PF,(23+0j),230,Wyoming,1155600.0
Julius Randle,Los Angeles Lakers,PF,(21+0j),250,Kentucky,3132240.0
D'Angelo Russell,Los Angeles Lakers,PG,(20+0j),195,Ohio State,5103120.0
Robert Sacre,Los Angeles Lakers,C,(27+0j),270,Gonzaga,981348.0
Louis Williams,Los Angeles Lakers,SG,(29+0j),175,,7000000.0
Metta World Peace,Los Angeles Lakers,SF,(36+0j),260,St. John's,947276.0
Nick Young,Los Angeles Lakers,SF,(31+0j),210,USC,5219169.0
Eric Bledsoe,Phoenix Suns,PG,(26+0j),190,Kentucky,13500000.0
Devin Booker,Phoenix Suns,SG,(19+0j),206,Kentucky,2127840.0
Chase Budinger,Phoenix Suns,SF,(28+0j),209,Arizona,206192.0
Tyson Chandler,Phoenix Suns,C,(33+0j),240,,13000000.0
Archie Goodwin,Phoenix Suns,SG,(21+0j),200,Kentucky,1160160.0
John Jenkins,Phoenix Suns,SG,(25+0j),215,Vanderbilt,981348.0
Brandon Knight,Phoenix Suns,PG,(24+0j),189,Kentucky,13500000.0
Alex Len,Phoenix Suns,C,(22+0j),260,Maryland,3807120.0
Jon Leuer,Phoenix Suns,PF,(27+0j),228,Wisconsin,1035000.0
Phil Pressey,Phoenix Suns,PG,(25+0j),175,Missouri,55722.0
Ronnie Price,Phoenix Suns,PG,(32+0j),190,Utah Valley,947276.0
Mirza Teletovic,Phoenix Suns,PF,(30+0j),242,,5500000.0
P.J. Tucker,Phoenix Suns,SF,(31+0j),245,Texas,5500000.0
T.J. Warren,Phoenix Suns,SF,(22+0j),230,North Carolina State,2041080.0
Alan Williams,Phoenix Suns,C,(23+0j),260,UC Santa Barbara,83397.0
Quincy Acy,Sacramento Kings,SF,(25+0j),240,Baylor,981348.0
James Anderson,Sacramento Kings,SG,(27+0j),213,Oklahoma State,1015421.0
Marco Belinelli,Sacramento Kings,SG,(30+0j),210,,6060606.0
Caron Butler,Sacramento Kings,SF,(36+0j),228,Connecticut,1449187.0
Omri Casspi,Sacramento Kings,SF,(27+0j),225,,2836186.0
Willie Cauley-Stein,Sacramento Kings,C,(22+0j),240,Kentucky,3398280.0
Darren Collison,Sacramento Kings,PG,(28+0j),175,UCLA,5013559.0
DeMarcus Cousins,Sacramento Kings,C,(25+0j),270,Kentucky,15851950.0
Seth Curry,Sacramento Kings,SG,(25+0j),185,Duke,947276.0
Duje Dukan,Sacramento Kings,PF,(24+0j),220,Wisconsin,525093.0
Rudy Gay,Sacramento Kings,SF,(29+0j),230,Connecticut,12403101.0
Kosta Koufos,Sacramento Kings,C,(27+0j),265,Ohio State,7700000.0
Ben McLemore,Sacramento Kings,SG,(23+0j),195,Kansas,3156600.0
Eric Moreland,Sacramento Kings,PF,(24+0j),238,Oregon State,845059.0
Rajon Rondo,Sacramento Kings,PG,(30+0j),186,Kentucky,9500000.0
Cameron Bairstow,Chicago Bulls,PF,(25+0j),250,New Mexico,845059.0
Aaron Brooks,Chicago Bulls,PG,(31+0j),161,Oregon,2250000.0
Jimmy Butler,Chicago Bulls,SG,(26+0j),220,Marquette,16407500.0
Mike Dunleavy,Chicago Bulls,SG,(35+0j),230,Duke,4500000.0
Cristiano Felicio,Chicago Bulls,PF,(23+0j),275,,525093.0
Pau Gasol,Chicago Bulls,C,(35+0j),250,,7448760.0
Taj Gibson,Chicago Bulls,PF,(30+0j),225,USC,8500000.0
Justin Holiday,Chicago Bulls,SG,(27+0j),185,Washington,947276.0
Doug McDermott,Chicago Bulls,SF,(24+0j),225,Creighton,2380440.0
Nikola Mirotic,Chicago Bulls,PF,(25+0j),220,,5543725.0
E'Twaun Moore,Chicago Bulls,SG,(27+0j),191,Purdue,1015421.0
Joakim Noah,Chicago Bulls,C,(31+0j),232,Florida,13400000.0
Bobby Portis,Chicago Bulls,PF,(21+0j),230,Arkansas,1391160.0
Derrick Rose,Chicago Bulls,PG,(27+0j),190,Memphis,20093064.0
Tony Snell,Chicago Bulls,SF,(24+0j),200,New Mexico,1535880.0
Matthew Dellavedova,Cleveland Cavaliers,PG,(25+0j),198,Saint Mary's,1147276.0
Channing Frye,Cleveland Cavaliers,PF,(33+0j),255,Arizona,8193029.0
Kyrie Irving,Cleveland Cavaliers,PG,(24+0j),193,Duke,16407501.0
LeBron James,Cleveland Cavaliers,SF,(31+0j),250,,22970500.0
Richard Jefferson,Cleveland Cavaliers,SF,(35+0j),233,Arizona,947276.0
Dahntay Jones,Cleveland Cavaliers,SG,(35+0j),225,Duke,
James Jones,Cleveland Cavaliers,SG,(35+0j),218,Miami (FL),947276.0
Sasha Kaun,Cleveland Cavaliers,C,(31+0j),260,Kansas,1276000.0
Kevin Love,Cleveland Cavaliers,PF,(27+0j),251,UCLA,19689000.0
Jordan McRae,Cleveland Cavaliers,SG,(25+0j),179,Tennessee,111196.0
Timofey Mozgov,Cleveland Cavaliers,C,(29+0j),275,,4950000.0
Iman Shumpert,Cleveland Cavaliers,SG,(25+0j),220,Georgia Tech,8988765.0
J.R. Smith,Cleveland Cavaliers,SG,(30+0j),225,,5000000.0
Tristan Thompson,Cleveland Cavaliers,C,(25+0j),238,Texas,14260870.0
Mo Williams,Cleveland Cavaliers,PG,(33+0j),198,Alabama,2100000.0
Joel Anthony,Detroit Pistons,C,(33+0j),245,UNLV,2500000.0
Aron Baynes,Detroit Pistons,C,(29+0j),260,Washington State,6500000.0
Steve Blake,Detroit Pistons,PG,(36+0j),172,Maryland,2170465.0
Lorenzo Brown,Detroit Pistons,PG,(25+0j),189,North Carolina State,111444.0
Reggie Bullock,Detroit Pistons,SF,(25+0j),205,North Carolina,1252440.0
Kentavious Caldwell-Pope,Detroit Pistons,SG,(23+0j),205,Georgia,2891760.0
Spencer Dinwiddie,Detroit Pistons,PG,(23+0j),200,Colorado,845059.0
Andre Drummond,Detroit Pistons,C,(22+0j),279,Connecticut,3272091.0
Tobias Harris,Detroit Pistons,SF,(23+0j),235,Tennessee,16000000.0
Darrun Hilliard,Detroit Pistons,SF,(23+0j),205,Villanova,600000.0
Reggie Jackson,Detroit Pistons,PG,(26+0j),208,Boston College,13913044.0
Stanley Johnson,Detroit Pistons,SF,(20+0j),245,Arizona,2841960.0
Jodie Meeks,Detroit Pistons,SG,(28+0j),210,Kentucky,6270000.0
Marcus Morris,Detroit Pistons,PF,(26+0j),235,Kansas,5000000.0
Anthony Tolliver,Detroit Pistons,PF,(31+0j),240,Creighton,3000000.0
Lavoy Allen,Indiana Pacers,PF,(27+0j),255,Temple,4050000.0
Rakeem Christmas,Indiana Pacers,PF,(24+0j),250,Syracuse,1007026.0
Monta Ellis,Indiana Pacers,SG,(30+0j),185,,10300000.0
Paul George,Indiana Pacers,SF,(26+0j),220,Fresno State,17120106.0
George Hill,Indiana Pacers,PG,(30+0j),188,IUPUI,8000000.0
Jordan Hill,Indiana Pacers,C,(28+0j),235,Arizona,4000000.0
Solomon Hill,Indiana Pacers,SF,(25+0j),225,Arizona,1358880.0
Ty Lawson,Indiana Pacers,PG,(28+0j),195,North Carolina,211744.0
Ian Mahinmi,Indiana Pacers,C,(29+0j),250,,4000000.0
C.J. Miles,Indiana Pacers,SF,(29+0j),231,,4394225.0
Glenn Robinson III,Indiana Pacers,SG,(22+0j),222,Michigan,1100000.0
Rodney Stuckey,Indiana Pacers,PG,(30+0j),205,Eastern Washington,7000000.0
Myles Turner,Indiana Pacers,PF,(20+0j),243,Texas,2357760.0
Shayne Whittington,Indiana Pacers,PF,(25+0j),250,Western Michigan,845059.0
Joe Young,Indiana Pacers,PG,(23+0j),180,Oregon,1007026.0
Giannis Antetokounmpo,Milwaukee Bucks,SF,(21+0j),222,,1953960.0
Jerryd Bayless,Milwaukee Bucks,PG,(27+0j),200,Arizona,3000000.0
Michael Carter-Williams,Milwaukee Bucks,PG,(24+0j),190,Syracuse,2399040.0
Jared Cunningham,Milwaukee Bucks,SG,(25+0j),195,Oregon State,947276.0
Tyler Ennis,Milwaukee Bucks,PG,(21+0j),194,Syracuse,1662360.0
John Henson,Milwaukee Bucks,PF,(25+0j),229,North Carolina,2943221.0
Damien Inglis,Milwaukee Bucks,SF,(21+0j),246,,855000.0
O.J. Mayo,Milwaukee Bucks,SG,(28+0j),210,USC,8000000.0
Khris Middleton,Milwaukee Bucks,SG,(24+0j),234,Texas A&M,14700000.0
Greg Monroe,Milwaukee Bucks,C,(26+0j),265,Georgetown,16407500.0
Steve Novak,Milwaukee Bucks,SF,(32+0j),225,Marquette,295327.0
Johnny O'Bryant III,Milwaukee Bucks,PF,(23+0j),257,LSU,845059.0
Jabari Parker,Milwaukee Bucks,PF,(21+0j),250,Duke,5152440.0
Miles Plumlee,Milwaukee Bucks,C,(27+0j),249,Duke,2109294.0
Greivis Vasquez,Milwaukee Bucks,PG,(29+0j),217,Maryland,6600000.0
Rashad Vaughn,Milwaukee Bucks,SG,(19+0j),202,UNLV,1733040.0
Justin Anderson,Dallas Mavericks,SG,(22+0j),228,Virginia,1449000.0
J.J. Barea,Dallas Mavericks,PG,(31+0j),185,Northeastern,4290000.0
Jeremy Evans,Dallas Mavericks,SF,(28+0j),200,Western Kentucky,1100602.0
Raymond Felton,Dallas Mavericks,PG,(31+0j),205,North Carolina,3950313.0
Devin Harris,Dallas Mavericks,PG,(33+0j),185,Wisconsin,4053446.0
David Lee,Dallas Mavericks,PF,(33+0j),245,Florida,2085671.0
Wesley Matthews,Dallas Mavericks,SG,(29+0j),220,Marquette,16407500.0
JaVale McGee,Dallas Mavericks,C,(28+0j),270,Nevada,1270964.0
Salah Mejri,Dallas Mavericks,C,(29+0j),245,,525093.0
Dirk Nowitzki,Dallas Mavericks,PF,(37+0j),245,,8333334.0
Zaza Pachulia,Dallas Mavericks,C,(32+0j),275,,5200000.0
Chandler Parsons,Dallas Mavericks,SF,(27+0j),230,Florida,15361500.0
Dwight Powell,Dallas Mavericks,PF,(24+0j),240,Stanford,845059.0
Charlie Villanueva,Dallas Mavericks,PF,(31+0j),232,Connecticut,947276.0
Deron Williams,Dallas Mavericks,PG,(31+0j),200,Illinois,5378974.0
Trevor Ariza,Houston Rockets,SF,(30+0j),215,UCLA,8193030.0
Michael Beasley,Houston Rockets,SF,(27+0j),235,Kansas State,306527.0
Patrick Beverley,Houston Rockets,PG,(27+0j),185,Arkansas,6486486.0
Corey Brewer,Houston Rockets,SG,(30+0j),186,Florida,8229375.0
Clint Capela,Houston Rockets,PF,(22+0j),240,,1242720.0
Sam Dekker,Houston Rockets,SF,(22+0j),230,Wisconsin,1646400.0
Andrew Goudelock,Houston Rockets,PG,(27+0j),200,Charleston,200600.0
James Harden,Houston Rockets,SG,(26+0j),220,Arizona State,15756438.0
Montrezl Harrell,Houston Rockets,PF,(22+0j),240,Louisville,1000000.0
Dwight Howard,Houston Rockets,C,(30+0j),265,,22359364.0
Terrence Jones,Houston Rockets,PF,(24+0j),252,Kentucky,2489530.0
K.J. McDaniels,Houston Rockets,SG,(23+0j),205,Clemson,3189794.0
Donatas Motiejunas,Houston Rockets,PF,(25+0j),222,,2288205.0
Josh Smith,Houston Rockets,C,(30+0j),225,,947276.0
Jason Terry,Houston Rockets,SG,(38+0j),185,Arizona,947276.0
Jordan Adams,Memphis Grizzlies,SG,(21+0j),209,UCLA,1404600.0
Tony Allen,Memphis Grizzlies,SG,(34+0j),213,Oklahoma State,5158539.0
Chris Andersen,Memphis Grizzlies,PF,(37+0j),245,Blinn College,5000000.0
Matt Barnes,Memphis Grizzlies,SF,(36+0j),226,UCLA,3542500.0
Vince Carter,Memphis Grizzlies,SG,(39+0j),220,North Carolina,4088019.0
Mike Conley,Memphis Grizzlies,PG,(28+0j),175,Ohio State,9588426.0
Bryce Cotton,Memphis Grizzlies,PG,(23+0j),165,Providence,700902.0
Jordan Farmar,Memphis Grizzlies,PG,(29+0j),180,UCLA,
Marc Gasol,Memphis Grizzlies,C,(31+0j),255,,19688000.0
JaMychal Green,Memphis Grizzlies,PF,(25+0j),227,Alabama,845059.0
P.J. Hairston,Memphis Grizzlies,SF,(23+0j),230,North Carolina,1201440.0
Jarell Martin,Memphis Grizzlies,PF,(22+0j),239,LSU,1230840.0
Ray McCallum,Memphis Grizzlies,PG,(24+0j),190,Detroit,
Xavier Munford,Memphis Grizzlies,PG,(24+0j),180,Rhode Island,
Zach Randolph,Memphis Grizzlies,PF,(34+0j),260,Michigan State,9638555.0
Lance Stephenson,Memphis Grizzlies,SF,(25+0j),230,Cincinnati,9000000.0
Alex Stepheson,Memphis Grizzlies,PF,(28+0j),270,USC,
Brandan Wright,Memphis Grizzlies,PF,(28+0j),210,North Carolina,5464000.0
Alexis Ajinca,New Orleans Pelicans,C,(28+0j),248,,4389607.0
Ryan Anderson,New Orleans Pelicans,PF,(28+0j),240,California,8500000.0
Omer Asik,New Orleans Pelicans,C,(29+0j),255,,9213483.0
Luke Babbitt,New Orleans Pelicans,SF,(26+0j),225,Nevada,1100602.0
Norris Cole,New Orleans Pelicans,PG,(27+0j),175,Cleveland State,3036927.0
Dante Cunningham,New Orleans Pelicans,PF,(29+0j),230,Villanova,2850000.0
Anthony Davis,New Orleans Pelicans,PF,(23+0j),253,Kentucky,7070730.0
Bryce Dejean-Jones,New Orleans Pelicans,SG,(23+0j),203,Iowa State,169883.0
Toney Douglas,New Orleans Pelicans,PG,(30+0j),195,Florida State,1164858.0
James Ennis,New Orleans Pelicans,SF,(25+0j),210,Long Beach State,845059.0
Tyreke Evans,New Orleans Pelicans,SG,(26+0j),220,Memphis,10734586.0
Tim Frazier,New Orleans Pelicans,PG,(25+0j),170,Penn State,845059.0
Alonzo Gee,New Orleans Pelicans,SF,(29+0j),225,Alabama,1320000.0
Eric Gordon,New Orleans Pelicans,SG,(27+0j),215,Indiana,15514031.0
Jordan Hamilton,New Orleans Pelicans,SG,(25+0j),220,Texas,1015421.0
Jrue Holiday,New Orleans Pelicans,PG,(25+0j),205,UCLA,10595507.0
Orlando Johnson,New Orleans Pelicans,SG,(27+0j),220,UC Santa Barbara,55722.0
Kendrick Perkins,New Orleans Pelicans,C,(31+0j),270,,947276.0
Quincy Pondexter,New Orleans Pelicans,SF,(28+0j),220,Washington,3382023.0
LaMarcus Aldridge,San Antonio Spurs,PF,(30+0j),240,Texas,19689000.0
Kyle Anderson,San Antonio Spurs,SF,(22+0j),230,UCLA,1142880.0
Matt Bonner,San Antonio Spurs,C,(36+0j),235,Florida,947276.0
Boris Diaw,San Antonio Spurs,C,(34+0j),250,,7500000.0
Tim Duncan,San Antonio Spurs,C,(40+0j),250,Wake Forest,5250000.0
Manu Ginobili,San Antonio Spurs,SG,(38+0j),205,,2814000.0
Danny Green,San Antonio Spurs,SG,(28+0j),215,North Carolina,10000000.0
Kawhi Leonard,San Antonio Spurs,SF,(24+0j),230,San Diego State,16407500.0
Boban Marjanovic,San Antonio Spurs,C,(27+0j),290,,1200000.0
Kevin Martin,San Antonio Spurs,SG,(33+0j),199,Western Carolina,200600.0
Andre Miller,San Antonio Spurs,PG,(40+0j),200,Utah,250750.0
Patty Mills,San Antonio Spurs,PG,(27+0j),185,Saint Mary's,3578947.0
Tony Parker,San Antonio Spurs,PG,(34+0j),185,,13437500.0
Jonathon Simmons,San Antonio Spurs,SG,(26+0j),195,Houston,525093.0
David West,San Antonio Spurs,PF,(35+0j),250,Xavier,1499187.0
Kent Bazemore,Atlanta Hawks,SF,(26+0j),201,Old Dominion,2000000.0
Tim Hardaway Jr.,Atlanta Hawks,SG,(24+0j),205,Michigan,1304520.0
Kirk Hinrich,Atlanta Hawks,SG,(35+0j),190,Kansas,2854940.0
Al Horford,Atlanta Hawks,C,(30+0j),245,Florida,12000000.0
Kris Humphries,Atlanta Hawks,PF,(31+0j),235,Minnesota,1000000.0
Kyle Korver,Atlanta Hawks,SG,(35+0j),212,Creighton,5746479.0
Paul Millsap,Atlanta Hawks,PF,(31+0j),246,Louisiana Tech,18671659.0
Mike Muscala,Atlanta Hawks,PF,(24+0j),240,Bucknell,947276.0
Lamar Patterson,Atlanta Hawks,SG,(24+0j),225,Pittsburgh,525093.0
Dennis Schroder,Atlanta Hawks,PG,(22+0j),172,,1763400.0
Mike Scott,Atlanta Hawks,PF,(27+0j),237,Virginia,3333333.0
Thabo Sefolosha,Atlanta Hawks,SF,(32+0j),220,,4000000.0
Tiago Splitter,Atlanta Hawks,C,(31+0j),245,,9756250.0
Walter Tavares,Atlanta Hawks,C,(24+0j),260,,1000000.0
Jeff Teague,Atlanta Hawks,PG,(27+0j),186,Wake Forest,8000000.0
Nicolas Batum,Charlotte Hornets,SG,(27+0j),200,,13125306.0
Troy Daniels,Charlotte Hornets,SG,(24+0j),205,Virginia Commonwealth,947276.0
Jorge Gutierrez,Charlotte Hornets,PG,(27+0j),189,California,189455.0
Tyler Hansbrough,Charlotte Hornets,PF,(30+0j),250,North Carolina,947276.0
Aaron Harrison,Charlotte Hornets,SG,(21+0j),210,Kentucky,525093.0
Spencer Hawes,Charlotte Hornets,PF,(28+0j),245,Washington,6110034.0
Al Jefferson,Charlotte Hornets,C,(31+0j),289,,13500000.0
Frank Kaminsky III,Charlotte Hornets,C,(23+0j),240,Wisconsin,2612520.0
Michael Kidd-Gilchrist,Charlotte Hornets,SF,(22+0j),232,Kentucky,6331404.0
Jeremy Lamb,Charlotte Hornets,SG,(24+0j),185,Connecticut,3034356.0
Courtney Lee,Charlotte Hornets,SG,(30+0j),200,Western Kentucky,5675000.0
Jeremy Lin,Charlotte Hornets,PG,(27+0j),200,Harvard,2139000.0
Kemba Walker,Charlotte Hornets,PG,(26+0j),184,Connecticut,12000000.0
Marvin Williams,Charlotte Hornets,PF,(29+0j),237,North Carolina,7000000.0
Cody Zeller,Charlotte Hornets,C,(23+0j),240,Indiana,4204200.0
Chris Bosh,Miami Heat,PF,(32+0j),235,Georgia Tech,22192730.0
Luol Deng,Miami Heat,SF,(31+0j),220,Duke,10151612.0
Goran Dragic,Miami Heat,PG,(30+0j),190,,14783000.0
Gerald Green,Miami Heat,SF,(30+0j),205,,947276.0
Udonis Haslem,Miami Heat,PF,(36+0j),235,Florida,2854940.0
Joe Johnson,Miami Heat,SF,(34+0j),240,Arkansas,261894.0
Tyler Johnson,Miami Heat,SG,(24+0j),186,Fresno State,845059.0
Josh McRoberts,Miami Heat,PF,(29+0j),240,Duke,5543725.0
Josh Richardson,Miami Heat,SG,(22+0j),200,Tennessee,525093.0
Amar'e Stoudemire,Miami Heat,PF,(33+0j),245,,947276.0
Dwyane Wade,Miami Heat,SG,(34+0j),220,Marquette,20000000.0
Briante Weber,Miami Heat,PG,(23+0j),165,Virginia Commonwealth,
Hassan Whiteside,Miami Heat,C,(26+0j),265,Marshall,981348.0
Justise Winslow,Miami Heat,SF,(20+0j),225,Duke,2481720.0
Dorell Wright,Miami Heat,SF,(30+0j),205,,
Dewayne Dedmon,Orlando Magic,C,(26+0j),245,USC,947276.0
Evan Fournier,Orlando Magic,SG,(23+0j),205,,2288205.0
Aaron Gordon,Orlando Magic,PF,(20+0j),220,Arizona,4171680.0
Mario Hezonja,Orlando Magic,SG,(21+0j),218,,3741480.0
Ersan Ilyasova,Orlando Magic,PF,(29+0j),235,,7900000.0
Brandon Jennings,Orlando Magic,PG,(26+0j),169,,8344497.0
Devyn Marble,Orlando Magic,SF,(23+0j),200,Iowa,845059.0
Shabazz Napier,Orlando Magic,PG,(24+0j),175,Connecticut,1294440.0
Andrew Nicholson,Orlando Magic,PF,(26+0j),250,St. Bonaventure,2380593.0
Victor Oladipo,Orlando Magic,SG,(24+0j),210,Indiana,5192520.0
Elfrid Payton,Orlando Magic,PG,(22+0j),185,Louisiana-Lafayette,2505720.0
Jason Smith,Orlando Magic,PF,(30+0j),240,Colorado State,4300000.0
Nikola Vucevic,Orlando Magic,C,(25+0j),260,USC,11250000.0
C.J. Watson,Orlando Magic,PG,(32+0j),175,Tennessee,5000000.0
Alan Anderson,Washington Wizards,SG,(33+0j),220,Michigan State,4000000.0
Bradley Beal,Washington Wizards,SG,(22+0j),207,Florida,5694674.0
Jared Dudley,Washington Wizards,SF,(30+0j),225,Boston College,4375000.0
Jarell Eddie,Washington Wizards,SG,(24+0j),218,Virginia Tech,561716.0
Drew Gooden,Washington Wizards,PF,(34+0j),250,Kansas,3300000.0
Marcin Gortat,Washington Wizards,C,(32+0j),240,,11217391.0
JJ Hickson,Washington Wizards,C,(27+0j),242,North Carolina State,273038.0
Nene Hilario,Washington Wizards,C,(33+0j),250,,13000000.0
Markieff Morris,Washington Wizards,PF,(26+0j),245,Kansas,8000000.0
Kelly Oubre Jr.,Washington Wizards,SF,(20+0j),205,Kansas,1920240.0
Otto Porter Jr.,Washington Wizards,SF,(23+0j),198,Georgetown,4662960.0
Ramon Sessions,Washington Wizards,PG,(30+0j),190,Nevada,2170465.0
Garrett Temple,Washington Wizards,SG,(30+0j),195,LSU,1100602.0
Marcus Thornton,Washington Wizards,SF,(29+0j),205,LSU,200600.0
John Wall,Washington Wizards,PG,(25+0j),195,Kentucky,15851950.0
Darrell Arthur,Denver Nuggets,PF,(28+0j),235,Kansas,2814000.0
D.J. Augustin,Denver Nuggets,PG,(28+0j),183,Texas,3000000.0
Will Barton,Denver Nuggets,SF,(25+0j),175,Memphis,3533333.0
Wilson Chandler,Denver Nuggets,SF,(29+0j),225,DePaul,10449438.0
Kenneth Faried,Denver Nuggets,PF,(26+0j),228,Morehead State,11235955.0
Danilo Gallinari,Denver Nuggets,SF,(27+0j),225,,14000000.0
Gary Harris,Denver Nuggets,SG,(21+0j),210,Michigan State,1584480.0
Nikola Jokic,Denver Nuggets,C,(21+0j),250,,1300000.0
Joffrey Lauvergne,Denver Nuggets,C,(24+0j),220,,1709719.0
Mike Miller,Denver Nuggets,SG,(36+0j),218,Florida,947276.0
Emmanuel Mudiay,Denver Nuggets,PG,(20+0j),200,,3102240.0
Jameer Nelson,Denver Nuggets,PG,(34+0j),190,Saint Joseph's,4345000.0
Jusuf Nurkic,Denver Nuggets,C,(21+0j),280,,1842000.0
JaKarr Sampson,Denver Nuggets,SG,(23+0j),214,St. John's,258489.0
Axel Toupane,Denver Nuggets,SG,(23+0j),210,,
Nemanja Bjelica,Minnesota Timberwolves,PF,(28+0j),240,,3950001.0
Gorgui Dieng,Minnesota Timberwolves,C,(26+0j),241,Louisville,1474440.0
Kevin Garnett,Minnesota Timberwolves,PF,(40+0j),240,,8500000.0
Tyus Jones,Minnesota Timberwolves,PG,(20+0j),195,Duke,1282080.0
Zach LaVine,Minnesota Timberwolves,PG,(21+0j),189,UCLA,2148360.0
Shabazz Muhammad,Minnesota Timberwolves,SF,(23+0j),223,UCLA,2056920.0
Adreian Payne,Minnesota Timberwolves,PF,(25+0j),237,Michigan State,1938840.0
Nikola Pekovic,Minnesota Timberwolves,C,(30+0j),307,,12100000.0
Tayshaun Prince,Minnesota Timberwolves,SF,(36+0j),212,Kentucky,947276.0
Ricky Rubio,Minnesota Timberwolves,PG,(25+0j),194,,12700000.0
Damjan Rudez,Minnesota Timberwolves,SF,(29+0j),230,,1149500.0
Greg Smith,Minnesota Timberwolves,PF,(25+0j),250,Fresno State,
Karl-Anthony Towns,Minnesota Timberwolves,C,(20+0j),244,Kentucky,5703600.0
Andrew Wiggins,Minnesota Timberwolves,SG,(21+0j),199,Kansas,5758680.0
Steven Adams,Oklahoma City Thunder,C,(22+0j),255,Pittsburgh,2279040.0
Nick Collison,Oklahoma City Thunder,PF,(35+0j),255,Kansas,3750000.0
Kevin Durant,Oklahoma City Thunder,SF,(27+0j),240,Texas,20158622.0
Randy Foye,Oklahoma City Thunder,SG,(32+0j),213,Villanova,3135000.0
Josh Huestis,Oklahoma City Thunder,SF,(24+0j),230,Stanford,1140240.0
Serge Ibaka,Oklahoma City Thunder,PF,(26+0j),245,,12250000.0
Enes Kanter,Oklahoma City Thunder,C,(24+0j),245,Kentucky,16407500.0
Mitch McGary,Oklahoma City Thunder,PF,(24+0j),255,Michigan,1463040.0
Nazr Mohammed,Oklahoma City Thunder,C,(38+0j),250,Kentucky,222888.0
Anthony Morrow,Oklahoma City Thunder,SG,(30+0j),210,Georgia Tech,3344000.0
Cameron Payne,Oklahoma City Thunder,PG,(21+0j),185,Murray State,2021520.0
Andre Roberson,Oklahoma City Thunder,SG,(24+0j),210,Colorado,1210800.0
Kyle Singler,Oklahoma City Thunder,SF,(28+0j),228,Duke,4500000.0
Dion Waiters,Oklahoma City Thunder,SG,(24+0j),220,Syracuse,5138430.0
Russell Westbrook,Oklahoma City Thunder,PG,(27+0j),200,UCLA,16744218.0
Cliff Alexander,Portland Trail Blazers,PF,(20+0j),240,Kansas,525093.0
Al-Farouq Aminu,Portland Trail Blazers,SF,(25+0j),215,Wake Forest,8042895.0
Pat Connaughton,Portland Trail Blazers,SG,(23+0j),206,Notre Dame,625093.0
Allen Crabbe,Portland Trail Blazers,SG,(24+0j),210,California,947276.0
Ed Davis,Portland Trail Blazers,C,(27+0j),240,North Carolina,6980802.0
Maurice Harkless,Portland Trail Blazers,SF,(23+0j),215,St. John's,2894059.0
Gerald Henderson,Portland Trail Blazers,SG,(28+0j),215,Duke,6000000.0
Chris Kaman,Portland Trail Blazers,C,(34+0j),265,Central Michigan,5016000.0
Meyers Leonard,Portland Trail Blazers,PF,(24+0j),245,Illinois,3075880.0
Damian Lillard,Portland Trail Blazers,PG,(25+0j),195,Weber State,4236287.0
C.J. McCollum,Portland Trail Blazers,SG,(24+0j),200,Lehigh,2525160.0
Luis Montero,Portland Trail Blazers,SG,(23+0j),185,Westchester CC,525093.0
Mason Plumlee,Portland Trail Blazers,C,(26+0j),235,Duke,1415520.0
Brian Roberts,Portland Trail Blazers,PG,(30+0j),173,Dayton,2854940.0
Noah Vonleh,Portland Trail Blazers,PF,(20+0j),240,Indiana,2637720.0
Trevor Booker,Utah Jazz,PF,(28+0j),228,Clemson,4775000.0
Trey Burke,Utah Jazz,PG,(23+0j),191,Michigan,2658240.0
Alec Burks,Utah Jazz,SG,(24+0j),214,Colorado,9463484.0
Dante Exum,Utah Jazz,PG,(20+0j),190,,3777720.0
Derrick Favors,Utah Jazz,PF,(24+0j),265,Georgia Tech,12000000.0
Rudy Gobert,Utah Jazz,C,(23+0j),245,,1175880.0
Gordon Hayward,Utah Jazz,SF,(26+0j),226,Butler,15409570.0
Rodney Hood,Utah Jazz,SG,(23+0j),206,Duke,1348440.0
Joe Ingles,Utah Jazz,SF,(28+0j),226,,2050000.0
Chris Johnson,Utah Jazz,SF,(26+0j),206,Dayton,981348.0
Trey Lyles,Utah Jazz,PF,(20+0j),234,Kentucky,2239800.0
Shelvin Mack,Utah Jazz,PG,(26+0j),203,Butler,2433333.0
Raul Neto,Utah Jazz,PG,(24+0j),179,,900000.0
Tibor Pleiss,Utah Jazz,C,(26+0j),256,,2900000.0
Jeff Withey,Utah Jazz,C,(26+0j),231,Kansas,947276.0
